{
  "vtkClass": "vtkPolyData",
  "points": {
      "vtkClass": "vtkPoints",
      "name": "points",
      "numberOfComponents": 3,
      "dataType": "Float32Array",
      "ref": {
         "encode": "LittleEndian",
         "basepath": "data",
         "id": "Float32_12744-9bcdd089ea0e8976f63980cd55959589"
      },
      "size": 12744
    },
  "polys": {
      "vtkClass": "vtkCellArray",
      "name": "polys",
      "numberOfComponents": 1,
      "dataType": "Int32Array",
      "ref": {
         "encode": "LittleEndian",
         "basepath": "data",
         "id": "Int32_45120-23b80dedb4103adb62c0250e54a5d5a3"
      },
      "size": 45120
    },
  "pointData": {
    "vtkClass": "vtkDataSetAttributes",
    "arrays": [
      { "data": {
      "vtkClass": "vtkDataArray",
      "name": "vtkOriginalPointIds",
      "numberOfComponents": 1,
      "dataType": "Int32Array",
      "ref": {
         "encode": "LittleEndian",
         "basepath": "data",
         "id": "Int32_4248-1fb220f8b9556ca8d3ca00088f2cc91a"
      },
      "size": 4248
    }}
    ],
    "activeTCoords": -1,
    "activeScalars": -1,
    "activeNormals": -1,
    "activeGlobalIds": -1,
    "activeTensors": -1,
    "activePedigreeIds": -1,
    "activeVectors": -1
  },
  "cellData": {
    "vtkClass": "vtkDataSetAttributes",
    "arrays": [
      { "data": {
      "vtkClass": "vtkDataArray",
      "name": "Ag",
      "numberOfComponents": 1,
      "dataType": "Float64Array",
      "ref": {
         "encode": "LittleEndian",
         "basepath": "data",
         "id": "Float64_11280-8f2fe7ebdf8a244fa15c11584f485cf0"
      },
      "size": 11280
    }},
      { "data": {
      "vtkClass": "vtkDataArray",
      "name": "Au",
      "numberOfComponents": 1,
      "dataType": "Float64Array",
      "ref": {
         "encode": "LittleEndian",
         "basepath": "data",
         "id": "Float64_11280-c95c000e8344f9f9f29a98383eee0b53"
      },
      "size": 11280
    }},
      { "data": {
      "vtkClass": "vtkDataArray",
      "name": "Cu",
      "numberOfComponents": 1,
      "dataType": "Float64Array",
      "ref": {
         "encode": "LittleEndian",
         "basepath": "data",
         "id": "Float64_11280-3e62c2d5057a0f2b8898336cdb4f05d1"
      },
      "size": 11280
    }},
      { "data": {
      "vtkClass": "vtkDataArray",
      "name": "Density",
      "numberOfComponents": 1,
      "dataType": "Float64Array",
      "ref": {
         "encode": "LittleEndian",
         "basepath": "data",
         "id": "Float64_11280-3898e33db1d4ec27de9caec18b546f85"
      },
      "size": 11280
    }},
      { "data": {
      "vtkClass": "vtkDataArray",
      "name": "nsram14",
      "numberOfComponents": 1,
      "dataType": "Float64Array",
      "ref": {
         "encode": "LittleEndian",
         "basepath": "data",
         "id": "Float64_11280-fe9fbdf0c1fb185918fb67ced522ad30"
      },
      "size": 11280
    }},
      { "data": {
      "vtkClass": "vtkDataArray",
      "name": "resclass",
      "numberOfComponents": 1,
      "dataType": "Float64Array",
      "ref": {
         "encode": "LittleEndian",
         "basepath": "data",
         "id": "Float64_11280-bbfa9da6fa591964c33de1d0015c1172"
      },
      "size": 11280
    }},
      { "data": {
      "vtkClass": "vtkDataArray",
      "name": "vtkOriginalCellIds",
      "numberOfComponents": 1,
      "dataType": "Int32Array",
      "ref": {
         "encode": "LittleEndian",
         "basepath": "data",
         "id": "Int32_11280-4821f32b3926548f8e8d5e5eda7167c5"
      },
      "size": 11280
    }}
    ],
    "activeTCoords": -1,
    "activeScalars": -1,
    "activeNormals": -1,
    "activeGlobalIds": -1,
    "activeTensors": -1,
    "activePedigreeIds": -1,
    "activeVectors": -1
  }}
