{
  "vtkClass": "vtkPolyData",
  "points": {
      "vtkClass": "vtkPoints",
      "name": "points",
      "numberOfComponents": 3,
      "dataType": "Float32Array",
      "ref": {
         "encode": "LittleEndian",
         "basepath": "data",
         "id": "Float32_49815-65352cc878aa3e1b2f0b127e6940a69d"
      },
      "size": 49815
    },
  "polys": {
      "vtkClass": "vtkCellArray",
      "name": "polys",
      "numberOfComponents": 1,
      "dataType": "Int32Array",
      "ref": {
         "encode": "LittleEndian",
         "basepath": "data",
         "id": "Int32_158504-24e244c649014c9b4fe8df646342ee71"
      },
      "size": 158504
    },
  "pointData": {
    "vtkClass": "vtkDataSetAttributes",
    "arrays": [
      { "data": {
      "vtkClass": "vtkDataArray",
      "name": "vtkOriginalPointIds",
      "numberOfComponents": 1,
      "dataType": "Int32Array",
      "ref": {
         "encode": "LittleEndian",
         "basepath": "data",
         "id": "Int32_16605-6a44266c91c94750da12c82d92230c24"
      },
      "size": 16605
    }}
    ],
    "activeTCoords": -1,
    "activeScalars": -1,
    "activeNormals": -1,
    "activeGlobalIds": -1,
    "activeTensors": -1,
    "activePedigreeIds": -1,
    "activeVectors": -1
  },
  "cellData": {
    "vtkClass": "vtkDataSetAttributes",
    "arrays": [
      { "data": {
      "vtkClass": "vtkDataArray",
      "name": "Ag",
      "numberOfComponents": 1,
      "dataType": "Float64Array",
      "ref": {
         "encode": "LittleEndian",
         "basepath": "data",
         "id": "Float64_39626-290706d098c54fe6b2a63c32b8364789"
      },
      "size": 39626
    }},
      { "data": {
      "vtkClass": "vtkDataArray",
      "name": "Au",
      "numberOfComponents": 1,
      "dataType": "Float64Array",
      "ref": {
         "encode": "LittleEndian",
         "basepath": "data",
         "id": "Float64_39626-ab363114d139efefbf9ecb8ca7db0f28"
      },
      "size": 39626
    }},
      { "data": {
      "vtkClass": "vtkDataArray",
      "name": "Cu",
      "numberOfComponents": 1,
      "dataType": "Float64Array",
      "ref": {
         "encode": "LittleEndian",
         "basepath": "data",
         "id": "Float64_39626-b545d5bd2227b6f7af2e8e10587655d6"
      },
      "size": 39626
    }},
      { "data": {
      "vtkClass": "vtkDataArray",
      "name": "Density",
      "numberOfComponents": 1,
      "dataType": "Float64Array",
      "ref": {
         "encode": "LittleEndian",
         "basepath": "data",
         "id": "Float64_39626-6101380058c6d955513c144a985c28ec"
      },
      "size": 39626
    }},
      { "data": {
      "vtkClass": "vtkDataArray",
      "name": "nsram14",
      "numberOfComponents": 1,
      "dataType": "Float64Array",
      "ref": {
         "encode": "LittleEndian",
         "basepath": "data",
         "id": "Float64_39626-8882caa3ee02588d9381fb29bea12dba"
      },
      "size": 39626
    }},
      { "data": {
      "vtkClass": "vtkDataArray",
      "name": "resclass",
      "numberOfComponents": 1,
      "dataType": "Float64Array",
      "ref": {
         "encode": "LittleEndian",
         "basepath": "data",
         "id": "Float64_39626-f6b1b97c08df2f22f0fe521ea13860f8"
      },
      "size": 39626
    }},
      { "data": {
      "vtkClass": "vtkDataArray",
      "name": "vtkOriginalCellIds",
      "numberOfComponents": 1,
      "dataType": "Int32Array",
      "ref": {
         "encode": "LittleEndian",
         "basepath": "data",
         "id": "Int32_39626-7f9297a92b9c063eb85c6091f9e74505"
      },
      "size": 39626
    }}
    ],
    "activeTCoords": -1,
    "activeScalars": -1,
    "activeNormals": -1,
    "activeGlobalIds": -1,
    "activeTensors": -1,
    "activePedigreeIds": -1,
    "activeVectors": -1
  }}
