{
  "vtkClass": "vtkPolyData",
  "points": {
      "vtkClass": "vtkPoints",
      "name": "points",
      "numberOfComponents": 3,
      "dataType": "Float32Array",
      "ref": {
         "encode": "LittleEndian",
         "basepath": "data",
         "id": "Float32_26835-486a71c361a80f5b770a020f963cad95"
      },
      "size": 26835
    },
  "polys": {
      "vtkClass": "vtkCellArray",
      "name": "polys",
      "numberOfComponents": 1,
      "dataType": "Int32Array",
      "ref": {
         "encode": "LittleEndian",
         "basepath": "data",
         "id": "Int32_70004-8d6ea21de0586c9ea775be374242cf23"
      },
      "size": 70004
    },
  "pointData": {
    "vtkClass": "vtkDataSetAttributes",
    "arrays": [
      { "data": {
      "vtkClass": "vtkDataArray",
      "name": "TCoords_",
      "numberOfComponents": 2,
      "dataType": "Float32Array",
      "ref": {
         "encode": "LittleEndian",
         "basepath": "data",
         "id": "Float32_17890-7b6c867e77ab4e0a53199069fd7b0445"
      },
      "size": 17890
    }},
      { "data": {
      "vtkClass": "vtkDataArray",
      "name": "Scalars_",
      "numberOfComponents": 4,
      "dataType": "Uint8Array",
      "ref": {
         "encode": "LittleEndian",
         "basepath": "data",
         "id": "Uint8_35780-f0b121d66945bedb62a19d354e82438e"
      },
      "size": 35780
    }},
      { "data": {
      "vtkClass": "vtkDataArray",
      "name": "vtkOriginalPointIds",
      "numberOfComponents": 1,
      "dataType": "Int32Array",
      "ref": {
         "encode": "LittleEndian",
         "basepath": "data",
         "id": "Int32_8945-0d4fe92b16e46266934855b689f36e28"
      },
      "size": 8945
    }}
    ],
    "activeTCoords": 0,
    "activeScalars": 1,
    "activeNormals": -1,
    "activeGlobalIds": -1,
    "activeTensors": -1,
    "activePedigreeIds": -1,
    "activeVectors": -1
  },
  "cellData": {
    "vtkClass": "vtkDataSetAttributes",
    "arrays": [
      { "data": {
      "vtkClass": "vtkDataArray",
      "name": "vtkOriginalCellIds",
      "numberOfComponents": 1,
      "dataType": "Int32Array",
      "ref": {
         "encode": "LittleEndian",
         "basepath": "data",
         "id": "Int32_17501-7ceb34acb81ec14a382937a1c4b978e7"
      },
      "size": 17501
    }}
    ],
    "activeTCoords": -1,
    "activeScalars": -1,
    "activeNormals": -1,
    "activeGlobalIds": -1,
    "activeTensors": -1,
    "activePedigreeIds": -1,
    "activeVectors": -1
  }}
