{
  "vtkClass": "vtkPolyData",
  "points": {
      "vtkClass": "vtkPoints",
      "name": "points",
      "numberOfComponents": 3,
      "dataType": "Float32Array",
      "ref": {
         "encode": "LittleEndian",
         "basepath": "data",
         "id": "Float32_42-c2ef912d514e4b065392c0a90cdfee8d"
      },
      "size": 42
    },
  "lines": {
      "vtkClass": "vtkCellArray",
      "name": "lines",
      "numberOfComponents": 1,
      "dataType": "Int32Array",
      "ref": {
         "encode": "LittleEndian",
         "basepath": "data",
         "id": "Int32_2796-f0e638612478b9d73db6b3de2100f171"
      },
      "size": 2796
    },
  "pointData": {
    "vtkClass": "vtkDataSetAttributes",
    "arrays": [
      { "data": {
      "vtkClass": "vtkDataArray",
      "name": "vtkOriginalPointIds",
      "numberOfComponents": 1,
      "dataType": "Int32Array",
      "ref": {
         "encode": "LittleEndian",
         "basepath": "data",
         "id": "Int32_14-df699c873c476aa149a632082ba5da09"
      },
      "size": 14
    }}
    ],
    "activeTCoords": -1,
    "activeScalars": -1,
    "activeNormals": -1,
    "activeGlobalIds": -1,
    "activeTensors": -1,
    "activePedigreeIds": -1,
    "activeVectors": -1
  },
  "cellData": {
    "vtkClass": "vtkDataSetAttributes",
    "arrays": [
      { "data": {
      "vtkClass": "vtkDataArray",
      "name": "FROM",
      "numberOfComponents": 1,
      "dataType": "Float64Array",
      "ref": {
         "encode": "LittleEndian",
         "basepath": "data",
         "id": "Float64_932-e202457d11ad12303796174e247b9e59"
      },
      "size": 932
    }},
      { "data": {
      "vtkClass": "vtkDataArray",
      "name": "TO",
      "numberOfComponents": 1,
      "dataType": "Float64Array",
      "ref": {
         "encode": "LittleEndian",
         "basepath": "data",
         "id": "Float64_932-6a37ccb3d80d7ef2a175645309fa7a6a"
      },
      "size": 932
    }},
      { "data": {
      "vtkClass": "vtkDataArray",
      "name": "AU_FA",
      "numberOfComponents": 1,
      "dataType": "Float64Array",
      "ref": {
         "encode": "LittleEndian",
         "basepath": "data",
         "id": "Float64_932-0560fb9cca31936b4dfcfeb9eaa2bcbb"
      },
      "size": 932
    }},
      { "data": {
      "vtkClass": "vtkDataArray",
      "name": "vtkCompositingValid",
      "numberOfComponents": 1,
      "dataType": "Float32Array",
      "ref": {
         "encode": "LittleEndian",
         "basepath": "data",
         "id": "Float32_932-39ba9409aa2f3361f5732c6b8af23da2"
      },
      "size": 932
    }},
      { "data": {
      "vtkClass": "vtkDataArray",
      "name": "vtkConversionValid",
      "numberOfComponents": 1,
      "dataType": "Float32Array",
      "ref": {
         "encode": "LittleEndian",
         "basepath": "data",
         "id": "Float32_932-ee72a6fde23b841c363febfb01723d31"
      },
      "size": 932
    }},
      { "data": {
      "vtkClass": "vtkDataArray",
      "name": "vtkOriginalCellIds",
      "numberOfComponents": 1,
      "dataType": "Int32Array",
      "ref": {
         "encode": "LittleEndian",
         "basepath": "data",
         "id": "Int32_932-8c74bee06f0c594c5ad356de13e1251d"
      },
      "size": 932
    }}
    ],
    "activeTCoords": -1,
    "activeScalars": -1,
    "activeNormals": -1,
    "activeGlobalIds": -1,
    "activeTensors": -1,
    "activePedigreeIds": -1,
    "activeVectors": -1
  }}
