{
  "vtkClass": "vtkPolyData",
  "points": {
      "vtkClass": "vtkPoints",
      "name": "points",
      "numberOfComponents": 3,
      "dataType": "Float32Array",
      "ref": {
         "encode": "LittleEndian",
         "basepath": "data",
         "id": "Float32_3798-00e912fa9985e5669c21ecde0327caee"
      },
      "size": 3798
    },
  "lines": {
      "vtkClass": "vtkCellArray",
      "name": "lines",
      "numberOfComponents": 1,
      "dataType": "Int32Array",
      "ref": {
         "encode": "LittleEndian",
         "basepath": "data",
         "id": "Int32_23364-93d1f4999e39c157c78ae92832f373d2"
      },
      "size": 23364
    },
  "pointData": {
    "vtkClass": "vtkDataSetAttributes",
    "arrays": [
      { "data": {
      "vtkClass": "vtkDataArray",
      "name": "vtkOriginalPointIds",
      "numberOfComponents": 1,
      "dataType": "Int32Array",
      "ref": {
         "encode": "LittleEndian",
         "basepath": "data",
         "id": "Int32_1266-5454c5b96cd60390012132f5af0e24ce"
      },
      "size": 1266
    }}
    ],
    "activeTCoords": -1,
    "activeScalars": -1,
    "activeNormals": -1,
    "activeGlobalIds": -1,
    "activeTensors": -1,
    "activePedigreeIds": -1,
    "activeVectors": -1
  },
  "cellData": {
    "vtkClass": "vtkDataSetAttributes",
    "arrays": [
      { "data": {
      "vtkClass": "vtkDataArray",
      "name": "from",
      "numberOfComponents": 1,
      "dataType": "Float64Array",
      "ref": {
         "encode": "LittleEndian",
         "basepath": "data",
         "id": "Float64_7788-2499663ba98ec9ba53239a1c4ce3e4f4"
      },
      "size": 7788
    }},
      { "data": {
      "vtkClass": "vtkDataArray",
      "name": "to",
      "numberOfComponents": 1,
      "dataType": "Float64Array",
      "ref": {
         "encode": "LittleEndian",
         "basepath": "data",
         "id": "Float64_7788-7fdc4889247029aa4b3916e85773d307"
      },
      "size": 7788
    }},
      { "data": {
      "vtkClass": "vtkDataArray",
      "name": "Ag",
      "numberOfComponents": 1,
      "dataType": "Float64Array",
      "ref": {
         "encode": "LittleEndian",
         "basepath": "data",
         "id": "Float64_7788-95696c871e318d33576daf229a6497f2"
      },
      "size": 7788
    }},
      { "data": {
      "vtkClass": "vtkDataArray",
      "name": "Au",
      "numberOfComponents": 1,
      "dataType": "Float64Array",
      "ref": {
         "encode": "LittleEndian",
         "basepath": "data",
         "id": "Float64_7788-b6f19bbb30c98e8fce0822e8621ae95f"
      },
      "size": 7788
    }},
      { "data": {
      "vtkClass": "vtkDataArray",
      "name": "Cu",
      "numberOfComponents": 1,
      "dataType": "Float64Array",
      "ref": {
         "encode": "LittleEndian",
         "basepath": "data",
         "id": "Float64_7788-e8b73048bf4bc750e3116cc33eb36d52"
      },
      "size": 7788
    }},
      { "data": {
      "vtkClass": "vtkDataArray",
      "name": "Ser",
      "numberOfComponents": 1,
      "dataType": "Float64Array",
      "ref": {
         "encode": "LittleEndian",
         "basepath": "data",
         "id": "Float64_7788-545f2c8ad5f95309292712b635db4854"
      },
      "size": 7788
    }},
      { "data": {
      "vtkClass": "vtkDataArray",
      "name": "Cp",
      "numberOfComponents": 1,
      "dataType": "Float64Array",
      "ref": {
         "encode": "LittleEndian",
         "basepath": "data",
         "id": "Float64_7788-2c40a5108afd3e8478b5a8f1c5dee8a1"
      },
      "size": 7788
    }},
      { "data": {
      "vtkClass": "vtkDataArray",
      "name": "Py",
      "numberOfComponents": 1,
      "dataType": "Float64Array",
      "ref": {
         "encode": "LittleEndian",
         "basepath": "data",
         "id": "Float64_7788-52f1b46d17b243af6727fb4931465f6b"
      },
      "size": 7788
    }},
      { "data": {
      "vtkClass": "vtkDataArray",
      "name": "vtkCompositingValid",
      "numberOfComponents": 1,
      "dataType": "Float32Array",
      "ref": {
         "encode": "LittleEndian",
         "basepath": "data",
         "id": "Float32_7788-e01a12af6dbf1dbdee9caf135272a663"
      },
      "size": 7788
    }},
      { "data": {
      "vtkClass": "vtkDataArray",
      "name": "vtkConversionValid",
      "numberOfComponents": 1,
      "dataType": "Float32Array",
      "ref": {
         "encode": "LittleEndian",
         "basepath": "data",
         "id": "Float32_7788-e206f13d9d4524d6f0c58071542c1ccb"
      },
      "size": 7788
    }},
      { "data": {
      "vtkClass": "vtkDataArray",
      "name": "vtkOriginalCellIds",
      "numberOfComponents": 1,
      "dataType": "Int32Array",
      "ref": {
         "encode": "LittleEndian",
         "basepath": "data",
         "id": "Int32_7788-19e72bc6fc073b9839bccac2e52126da"
      },
      "size": 7788
    }}
    ],
    "activeTCoords": -1,
    "activeScalars": -1,
    "activeNormals": -1,
    "activeGlobalIds": -1,
    "activeTensors": -1,
    "activePedigreeIds": -1,
    "activeVectors": -1
  }}
