{
  "vtkClass": "vtkPolyData",
  "points": {
      "vtkClass": "vtkPoints",
      "name": "points",
      "numberOfComponents": 3,
      "dataType": "Float32Array",
      "ref": {
         "encode": "LittleEndian",
         "basepath": "data",
         "id": "Float32_282-14b181b71202908e4c59cab34b1b966a"
      },
      "size": 282
    },
  "lines": {
      "vtkClass": "vtkCellArray",
      "name": "lines",
      "numberOfComponents": 1,
      "dataType": "Int32Array",
      "ref": {
         "encode": "LittleEndian",
         "basepath": "data",
         "id": "Int32_2214-1584542c66fb8ada90753dd61b635e72"
      },
      "size": 2214
    },
  "pointData": {
    "vtkClass": "vtkDataSetAttributes",
    "arrays": [
      { "data": {
      "vtkClass": "vtkDataArray",
      "name": "vtkOriginalPointIds",
      "numberOfComponents": 1,
      "dataType": "Int32Array",
      "ref": {
         "encode": "LittleEndian",
         "basepath": "data",
         "id": "Int32_94-70ff8359d5adfb1bc2177f7b737981ad"
      },
      "size": 94
    }}
    ],
    "activeTCoords": -1,
    "activeScalars": -1,
    "activeNormals": -1,
    "activeGlobalIds": -1,
    "activeTensors": -1,
    "activePedigreeIds": -1,
    "activeVectors": -1
  },
  "cellData": {
    "vtkClass": "vtkDataSetAttributes",
    "arrays": [
      { "data": {
      "vtkClass": "vtkDataArray",
      "name": "from",
      "numberOfComponents": 1,
      "dataType": "Float64Array",
      "ref": {
         "encode": "LittleEndian",
         "basepath": "data",
         "id": "Float64_738-6c3ef72e642ff00a899f3834207a7a8d"
      },
      "size": 738
    }},
      { "data": {
      "vtkClass": "vtkDataArray",
      "name": "to",
      "numberOfComponents": 1,
      "dataType": "Float64Array",
      "ref": {
         "encode": "LittleEndian",
         "basepath": "data",
         "id": "Float64_738-5d72d488986de5e9907476563369eab7"
      },
      "size": 738
    }},
      { "data": {
      "vtkClass": "vtkDataArray",
      "name": "Ag",
      "numberOfComponents": 1,
      "dataType": "Float64Array",
      "ref": {
         "encode": "LittleEndian",
         "basepath": "data",
         "id": "Float64_738-032f0d77d81eeed07e18493206beb2f6"
      },
      "size": 738
    }},
      { "data": {
      "vtkClass": "vtkDataArray",
      "name": "Au",
      "numberOfComponents": 1,
      "dataType": "Float64Array",
      "ref": {
         "encode": "LittleEndian",
         "basepath": "data",
         "id": "Float64_738-df7468e26379f0106f1b12538f72cfc8"
      },
      "size": 738
    }},
      { "data": {
      "vtkClass": "vtkDataArray",
      "name": "Cu",
      "numberOfComponents": 1,
      "dataType": "Float64Array",
      "ref": {
         "encode": "LittleEndian",
         "basepath": "data",
         "id": "Float64_738-74ed7bfcf482fb6244299e5cfb05a1b1"
      },
      "size": 738
    }},
      { "data": {
      "vtkClass": "vtkDataArray",
      "name": "Ser",
      "numberOfComponents": 1,
      "dataType": "Float64Array",
      "ref": {
         "encode": "LittleEndian",
         "basepath": "data",
         "id": "Float64_738-392c63a4d11c72fab4544b2056e1ace4"
      },
      "size": 738
    }},
      { "data": {
      "vtkClass": "vtkDataArray",
      "name": "Cp",
      "numberOfComponents": 1,
      "dataType": "Float64Array",
      "ref": {
         "encode": "LittleEndian",
         "basepath": "data",
         "id": "Float64_738-05b48ad18815bc7bac233e2c4d51a405"
      },
      "size": 738
    }},
      { "data": {
      "vtkClass": "vtkDataArray",
      "name": "Py",
      "numberOfComponents": 1,
      "dataType": "Float64Array",
      "ref": {
         "encode": "LittleEndian",
         "basepath": "data",
         "id": "Float64_738-472e39dcf77c4f7514e28643b43a2d80"
      },
      "size": 738
    }},
      { "data": {
      "vtkClass": "vtkDataArray",
      "name": "vtkCompositingValid",
      "numberOfComponents": 1,
      "dataType": "Float32Array",
      "ref": {
         "encode": "LittleEndian",
         "basepath": "data",
         "id": "Float32_738-f2763a837ca4d554549b9e29b60cbcca"
      },
      "size": 738
    }},
      { "data": {
      "vtkClass": "vtkDataArray",
      "name": "vtkConversionValid",
      "numberOfComponents": 1,
      "dataType": "Float32Array",
      "ref": {
         "encode": "LittleEndian",
         "basepath": "data",
         "id": "Float32_738-ebffe584ccf3a1ee06b1245540bf951c"
      },
      "size": 738
    }},
      { "data": {
      "vtkClass": "vtkDataArray",
      "name": "vtkOriginalCellIds",
      "numberOfComponents": 1,
      "dataType": "Int32Array",
      "ref": {
         "encode": "LittleEndian",
         "basepath": "data",
         "id": "Int32_738-779b38149929da60c5651f0d9537e7fe"
      },
      "size": 738
    }}
    ],
    "activeTCoords": -1,
    "activeScalars": -1,
    "activeNormals": -1,
    "activeGlobalIds": -1,
    "activeTensors": -1,
    "activePedigreeIds": -1,
    "activeVectors": -1
  }}
