{
  "vtkClass": "vtkPolyData",
  "points": {
      "vtkClass": "vtkPoints",
      "name": "points",
      "numberOfComponents": 3,
      "dataType": "Float32Array",
      "ref": {
         "encode": "LittleEndian",
         "basepath": "data",
         "id": "Float32_6525-05c66cca29e73099fcfcb2327d4d20db"
      },
      "size": 6525
    },
  "polys": {
      "vtkClass": "vtkCellArray",
      "name": "polys",
      "numberOfComponents": 1,
      "dataType": "Int32Array",
      "ref": {
         "encode": "LittleEndian",
         "basepath": "data",
         "id": "Int32_17308-976f807f425889494fe160caedf78e0c"
      },
      "size": 17308
    },
  "pointData": {
    "vtkClass": "vtkDataSetAttributes",
    "arrays": [
      { "data": {
      "vtkClass": "vtkDataArray",
      "name": "TCoords_",
      "numberOfComponents": 2,
      "dataType": "Float32Array",
      "ref": {
         "encode": "LittleEndian",
         "basepath": "data",
         "id": "Float32_4350-20b658d0275cd27448d6d064c25a8512"
      },
      "size": 4350
    }},
      { "data": {
      "vtkClass": "vtkDataArray",
      "name": "Scalars_",
      "numberOfComponents": 4,
      "dataType": "Uint8Array",
      "ref": {
         "encode": "LittleEndian",
         "basepath": "data",
         "id": "Uint8_8700-78787ddb5d83f3e3eab51ccca4e76573"
      },
      "size": 8700
    }},
      { "data": {
      "vtkClass": "vtkDataArray",
      "name": "vtkOriginalPointIds",
      "numberOfComponents": 1,
      "dataType": "Int32Array",
      "ref": {
         "encode": "LittleEndian",
         "basepath": "data",
         "id": "Int32_2175-69a6c3d89c131d66ed0cc7c8b1e7edf9"
      },
      "size": 2175
    }}
    ],
    "activeTCoords": 0,
    "activeScalars": 1,
    "activeNormals": -1,
    "activeGlobalIds": -1,
    "activeTensors": -1,
    "activePedigreeIds": -1,
    "activeVectors": -1
  },
  "cellData": {
    "vtkClass": "vtkDataSetAttributes",
    "arrays": [
      { "data": {
      "vtkClass": "vtkDataArray",
      "name": "vtkOriginalCellIds",
      "numberOfComponents": 1,
      "dataType": "Int32Array",
      "ref": {
         "encode": "LittleEndian",
         "basepath": "data",
         "id": "Int32_4327-40c6b0f64fa961836a9ebfa789bd5f6a"
      },
      "size": 4327
    }}
    ],
    "activeTCoords": -1,
    "activeScalars": -1,
    "activeNormals": -1,
    "activeGlobalIds": -1,
    "activeTensors": -1,
    "activePedigreeIds": -1,
    "activeVectors": -1
  }}
