{
  "vtkClass": "vtkPolyData",
  "points": {
      "vtkClass": "vtkPoints",
      "name": "points",
      "numberOfComponents": 3,
      "dataType": "Float32Array",
      "ref": {
         "encode": "LittleEndian",
         "basepath": "data",
         "id": "Float32_7674-d581911316486ad99547fb5ecd81d38f"
      },
      "size": 7674
    },
  "polys": {
      "vtkClass": "vtkCellArray",
      "name": "polys",
      "numberOfComponents": 1,
      "dataType": "Int32Array",
      "ref": {
         "encode": "LittleEndian",
         "basepath": "data",
         "id": "Int32_18932-18e367aaef35b31539fcbd4841791a1b"
      },
      "size": 18932
    },
  "pointData": {
    "vtkClass": "vtkDataSetAttributes",
    "arrays": [
      { "data": {
      "vtkClass": "vtkDataArray",
      "name": "TCoords_",
      "numberOfComponents": 2,
      "dataType": "Float32Array",
      "ref": {
         "encode": "LittleEndian",
         "basepath": "data",
         "id": "Float32_5116-c855db67e3b445b3058064470b7f1354"
      },
      "size": 5116
    }},
      { "data": {
      "vtkClass": "vtkDataArray",
      "name": "Scalars_",
      "numberOfComponents": 4,
      "dataType": "Uint8Array",
      "ref": {
         "encode": "LittleEndian",
         "basepath": "data",
         "id": "Uint8_10232-a9b3737a0698ab3ec3ad42ced68d80e3"
      },
      "size": 10232
    }},
      { "data": {
      "vtkClass": "vtkDataArray",
      "name": "vtkOriginalPointIds",
      "numberOfComponents": 1,
      "dataType": "Int32Array",
      "ref": {
         "encode": "LittleEndian",
         "basepath": "data",
         "id": "Int32_2558-4c426a63957eb3bf5374898a83dfbb75"
      },
      "size": 2558
    }}
    ],
    "activeTCoords": 0,
    "activeScalars": 1,
    "activeNormals": -1,
    "activeGlobalIds": -1,
    "activeTensors": -1,
    "activePedigreeIds": -1,
    "activeVectors": -1
  },
  "cellData": {
    "vtkClass": "vtkDataSetAttributes",
    "arrays": [
      { "data": {
      "vtkClass": "vtkDataArray",
      "name": "vtkOriginalCellIds",
      "numberOfComponents": 1,
      "dataType": "Int32Array",
      "ref": {
         "encode": "LittleEndian",
         "basepath": "data",
         "id": "Int32_4733-18363f3d58ef59149914c5e5e594b1c3"
      },
      "size": 4733
    }}
    ],
    "activeTCoords": -1,
    "activeScalars": -1,
    "activeNormals": -1,
    "activeGlobalIds": -1,
    "activeTensors": -1,
    "activePedigreeIds": -1,
    "activeVectors": -1
  }}
