{
  "vtkClass": "vtkPolyData",
  "points": {
      "vtkClass": "vtkPoints",
      "name": "points",
      "numberOfComponents": 3,
      "dataType": "Float32Array",
      "ref": {
         "encode": "LittleEndian",
         "basepath": "data",
         "id": "Float32_3375-bb46217c9db2e04ac5aa61a19bfda67c"
      },
      "size": 3375
    },
  "polys": {
      "vtkClass": "vtkCellArray",
      "name": "polys",
      "numberOfComponents": 1,
      "dataType": "Int32Array",
      "ref": {
         "encode": "LittleEndian",
         "basepath": "data",
         "id": "Int32_12712-d0c8d4e86a60c4dc79970ca94e447e7b"
      },
      "size": 12712
    },
  "pointData": {
    "vtkClass": "vtkDataSetAttributes",
    "arrays": [
      { "data": {
      "vtkClass": "vtkDataArray",
      "name": "vtkOriginalPointIds",
      "numberOfComponents": 1,
      "dataType": "Int32Array",
      "ref": {
         "encode": "LittleEndian",
         "basepath": "data",
         "id": "Int32_1125-62febe856964a25ed4dce04067009945"
      },
      "size": 1125
    }}
    ],
    "activeTCoords": -1,
    "activeScalars": -1,
    "activeNormals": -1,
    "activeGlobalIds": -1,
    "activeTensors": -1,
    "activePedigreeIds": -1,
    "activeVectors": -1
  },
  "cellData": {
    "vtkClass": "vtkDataSetAttributes",
    "arrays": [
      { "data": {
      "vtkClass": "vtkDataArray",
      "name": "Ag",
      "numberOfComponents": 1,
      "dataType": "Float64Array",
      "ref": {
         "encode": "LittleEndian",
         "basepath": "data",
         "id": "Float64_3178-82fdb6fe3a029150f42a3bfa499067fe"
      },
      "size": 3178
    }},
      { "data": {
      "vtkClass": "vtkDataArray",
      "name": "Au",
      "numberOfComponents": 1,
      "dataType": "Float64Array",
      "ref": {
         "encode": "LittleEndian",
         "basepath": "data",
         "id": "Float64_3178-04cf3ec8a656aa973fb78772aa999eff"
      },
      "size": 3178
    }},
      { "data": {
      "vtkClass": "vtkDataArray",
      "name": "Cu",
      "numberOfComponents": 1,
      "dataType": "Float64Array",
      "ref": {
         "encode": "LittleEndian",
         "basepath": "data",
         "id": "Float64_3178-b6e465497988de0378f8917a2a4ee09a"
      },
      "size": 3178
    }},
      { "data": {
      "vtkClass": "vtkDataArray",
      "name": "Density",
      "numberOfComponents": 1,
      "dataType": "Float64Array",
      "ref": {
         "encode": "LittleEndian",
         "basepath": "data",
         "id": "Float64_3178-b29a4a5ac599cbc17096396bfe9d1aae"
      },
      "size": 3178
    }},
      { "data": {
      "vtkClass": "vtkDataArray",
      "name": "nsram14",
      "numberOfComponents": 1,
      "dataType": "Float64Array",
      "ref": {
         "encode": "LittleEndian",
         "basepath": "data",
         "id": "Float64_3178-11027ba88ec86eaa0ccd92d68fc01737"
      },
      "size": 3178
    }},
      { "data": {
      "vtkClass": "vtkDataArray",
      "name": "resclass",
      "numberOfComponents": 1,
      "dataType": "Float64Array",
      "ref": {
         "encode": "LittleEndian",
         "basepath": "data",
         "id": "Float64_3178-42fcd0d93fba4c86171cc2012f42e44d"
      },
      "size": 3178
    }},
      { "data": {
      "vtkClass": "vtkDataArray",
      "name": "vtkOriginalCellIds",
      "numberOfComponents": 1,
      "dataType": "Int32Array",
      "ref": {
         "encode": "LittleEndian",
         "basepath": "data",
         "id": "Int32_3178-340ad954a5c3122ca52d0c4d98cea146"
      },
      "size": 3178
    }}
    ],
    "activeTCoords": -1,
    "activeScalars": -1,
    "activeNormals": -1,
    "activeGlobalIds": -1,
    "activeTensors": -1,
    "activePedigreeIds": -1,
    "activeVectors": -1
  }}
