{
  "vtkClass": "vtkPolyData",
  "points": {
      "vtkClass": "vtkPoints",
      "name": "points",
      "numberOfComponents": 3,
      "dataType": "Float32Array",
      "ref": {
         "encode": "LittleEndian",
         "basepath": "data",
         "id": "Float32_9114-6e894e6716070d5a41e2e87e52cb06c4"
      },
      "size": 9114
    },
  "polys": {
      "vtkClass": "vtkCellArray",
      "name": "polys",
      "numberOfComponents": 1,
      "dataType": "Int32Array",
      "ref": {
         "encode": "LittleEndian",
         "basepath": "data",
         "id": "Int32_27132-8287c273b13cc23a91e9847e1f397717"
      },
      "size": 27132
    },
  "pointData": {
    "vtkClass": "vtkDataSetAttributes",
    "arrays": [
      { "data": {
      "vtkClass": "vtkDataArray",
      "name": "TCoords_",
      "numberOfComponents": 2,
      "dataType": "Float32Array",
      "ref": {
         "encode": "LittleEndian",
         "basepath": "data",
         "id": "Float32_6076-e122dbc99d8a1ded1f8b285be45c32cd"
      },
      "size": 6076
    }},
      { "data": {
      "vtkClass": "vtkDataArray",
      "name": "Scalars_",
      "numberOfComponents": 4,
      "dataType": "Uint8Array",
      "ref": {
         "encode": "LittleEndian",
         "basepath": "data",
         "id": "Uint8_12152-4a759cb858df83723d5f4502ea9f0aa2"
      },
      "size": 12152
    }},
      { "data": {
      "vtkClass": "vtkDataArray",
      "name": "vtkOriginalPointIds",
      "numberOfComponents": 1,
      "dataType": "Int32Array",
      "ref": {
         "encode": "LittleEndian",
         "basepath": "data",
         "id": "Int32_3038-874835898eb1edf19463778d812d3d7f"
      },
      "size": 3038
    }}
    ],
    "activeTCoords": 0,
    "activeScalars": 1,
    "activeNormals": -1,
    "activeGlobalIds": -1,
    "activeTensors": -1,
    "activePedigreeIds": -1,
    "activeVectors": -1
  },
  "cellData": {
    "vtkClass": "vtkDataSetAttributes",
    "arrays": [
      { "data": {
      "vtkClass": "vtkDataArray",
      "name": "vtkOriginalCellIds",
      "numberOfComponents": 1,
      "dataType": "Int32Array",
      "ref": {
         "encode": "LittleEndian",
         "basepath": "data",
         "id": "Int32_6783-b27e6a0966f14ef1cdc30dce5513a6e2"
      },
      "size": 6783
    }}
    ],
    "activeTCoords": -1,
    "activeScalars": -1,
    "activeNormals": -1,
    "activeGlobalIds": -1,
    "activeTensors": -1,
    "activePedigreeIds": -1,
    "activeVectors": -1
  }}
