{
  "vtkClass": "vtkPolyData",
  "points": {
      "vtkClass": "vtkPoints",
      "name": "points",
      "numberOfComponents": 3,
      "dataType": "Float32Array",
      "ref": {
         "encode": "LittleEndian",
         "basepath": "data",
         "id": "Float32_8220-53172a8d6e21cf768cf72729875fef64"
      },
      "size": 8220
    },
  "lines": {
      "vtkClass": "vtkCellArray",
      "name": "lines",
      "numberOfComponents": 1,
      "dataType": "Int32Array",
      "ref": {
         "encode": "LittleEndian",
         "basepath": "data",
         "id": "Int32_66519-c8cd79b243a15608edae544732951ad8"
      },
      "size": 66519
    },
  "pointData": {
    "vtkClass": "vtkDataSetAttributes",
    "arrays": [
      { "data": {
      "vtkClass": "vtkDataArray",
      "name": "vtkOriginalPointIds",
      "numberOfComponents": 1,
      "dataType": "Int32Array",
      "ref": {
         "encode": "LittleEndian",
         "basepath": "data",
         "id": "Int32_2740-61db3cc59caced4f96f74efca5a0cd4d"
      },
      "size": 2740
    }}
    ],
    "activeTCoords": -1,
    "activeScalars": -1,
    "activeNormals": -1,
    "activeGlobalIds": -1,
    "activeTensors": -1,
    "activePedigreeIds": -1,
    "activeVectors": -1
  },
  "cellData": {
    "vtkClass": "vtkDataSetAttributes",
    "arrays": [
      { "data": {
      "vtkClass": "vtkDataArray",
      "name": "FROM",
      "numberOfComponents": 1,
      "dataType": "Float64Array",
      "ref": {
         "encode": "LittleEndian",
         "basepath": "data",
         "id": "Float64_22173-d190d3f68c5170589269e3a4e9c3ec1f"
      },
      "size": 22173
    }},
      { "data": {
      "vtkClass": "vtkDataArray",
      "name": "TO",
      "numberOfComponents": 1,
      "dataType": "Float64Array",
      "ref": {
         "encode": "LittleEndian",
         "basepath": "data",
         "id": "Float64_22173-5c3f847e1f9dae44755eb1a69f87c52d"
      },
      "size": 22173
    }},
      { "data": {
      "vtkClass": "vtkDataArray",
      "name": "AU_FA",
      "numberOfComponents": 1,
      "dataType": "Float64Array",
      "ref": {
         "encode": "LittleEndian",
         "basepath": "data",
         "id": "Float64_22173-745dcecd922d49670660bc00ecfbb7c0"
      },
      "size": 22173
    }},
      { "data": {
      "vtkClass": "vtkDataArray",
      "name": "vtkCompositingValid",
      "numberOfComponents": 1,
      "dataType": "Float32Array",
      "ref": {
         "encode": "LittleEndian",
         "basepath": "data",
         "id": "Float32_22173-77d5a514b11c39dc1d4047ef21016bf2"
      },
      "size": 22173
    }},
      { "data": {
      "vtkClass": "vtkDataArray",
      "name": "vtkConversionValid",
      "numberOfComponents": 1,
      "dataType": "Float32Array",
      "ref": {
         "encode": "LittleEndian",
         "basepath": "data",
         "id": "Float32_22173-1e6f9d3c082e39fa228a998f79591581"
      },
      "size": 22173
    }},
      { "data": {
      "vtkClass": "vtkDataArray",
      "name": "vtkOriginalCellIds",
      "numberOfComponents": 1,
      "dataType": "Int32Array",
      "ref": {
         "encode": "LittleEndian",
         "basepath": "data",
         "id": "Int32_22173-c268c442d4beb09492f7d35e0869a8db"
      },
      "size": 22173
    }}
    ],
    "activeTCoords": -1,
    "activeScalars": -1,
    "activeNormals": -1,
    "activeGlobalIds": -1,
    "activeTensors": -1,
    "activePedigreeIds": -1,
    "activeVectors": -1
  }}
