{
  "vtkClass": "vtkPolyData",
  "points": {
      "vtkClass": "vtkPoints",
      "name": "points",
      "numberOfComponents": 3,
      "dataType": "Float64Array",
      "ref": {
         "encode": "LittleEndian",
         "basepath": "data",
         "id": "Float64_1429119-64566a59ac63c86a112e0310358ab35c"
      },
      "size": 1429119
    },
  "lines": {
      "vtkClass": "vtkCellArray",
      "name": "lines",
      "numberOfComponents": 1,
      "dataType": "Int32Array",
      "ref": {
         "encode": "LittleEndian",
         "basepath": "data",
         "id": "Int32_635164-6961dc3d324d2f84de2e7408c2ad00fe"
      },
      "size": 635164
    },
  "pointData": {
    "vtkClass": "vtkDataSetAttributes",
    "arrays": [
      { "data": {
      "vtkClass": "vtkDataArray",
      "name": "vtkOriginalPointIds",
      "numberOfComponents": 1,
      "dataType": "Int32Array",
      "ref": {
         "encode": "LittleEndian",
         "basepath": "data",
         "id": "Int32_476373-1577e0c51edd3b92a898e5442850b19c"
      },
      "size": 476373
    }}
    ],
    "activeTCoords": -1,
    "activeScalars": -1,
    "activeNormals": -1,
    "activeGlobalIds": -1,
    "activeTensors": -1,
    "activePedigreeIds": -1,
    "activeVectors": -1
  },
  "cellData": {
    "vtkClass": "vtkDataSetAttributes",
    "arrays": [
      { "data": {
      "vtkClass": "vtkDataArray",
      "name": "from",
      "numberOfComponents": 1,
      "dataType": "Float64Array",
      "ref": {
         "encode": "LittleEndian",
         "basepath": "data",
         "id": "Float64_158791-9107a8a5157919f497e2c0f3840c82fc"
      },
      "size": 158791
    }},
      { "data": {
      "vtkClass": "vtkDataArray",
      "name": "to",
      "numberOfComponents": 1,
      "dataType": "Float64Array",
      "ref": {
         "encode": "LittleEndian",
         "basepath": "data",
         "id": "Float64_158791-4e6104c699d112750b7d14bd214fcfe4"
      },
      "size": 158791
    }},
      { "data": {
      "vtkClass": "vtkDataArray",
      "name": "Ag",
      "numberOfComponents": 1,
      "dataType": "Float64Array",
      "ref": {
         "encode": "LittleEndian",
         "basepath": "data",
         "id": "Float64_158791-c1cca9cd2c677375d9168b9a61ae7404"
      },
      "size": 158791
    }},
      { "data": {
      "vtkClass": "vtkDataArray",
      "name": "Au",
      "numberOfComponents": 1,
      "dataType": "Float64Array",
      "ref": {
         "encode": "LittleEndian",
         "basepath": "data",
         "id": "Float64_158791-4e5bfa79b80573521159166a47edaec4"
      },
      "size": 158791
    }},
      { "data": {
      "vtkClass": "vtkDataArray",
      "name": "Cu",
      "numberOfComponents": 1,
      "dataType": "Float64Array",
      "ref": {
         "encode": "LittleEndian",
         "basepath": "data",
         "id": "Float64_158791-649e79cbf058f9f5776206852bbdadec"
      },
      "size": 158791
    }},
      { "data": {
      "vtkClass": "vtkDataArray",
      "name": "Ser",
      "numberOfComponents": 1,
      "dataType": "Float64Array",
      "ref": {
         "encode": "LittleEndian",
         "basepath": "data",
         "id": "Float64_158791-0e6cf341f3f6acc2a8ab991a167696f3"
      },
      "size": 158791
    }},
      { "data": {
      "vtkClass": "vtkDataArray",
      "name": "Cp",
      "numberOfComponents": 1,
      "dataType": "Float64Array",
      "ref": {
         "encode": "LittleEndian",
         "basepath": "data",
         "id": "Float64_158791-5a86b838dee3aae0b6f564b1e531ab59"
      },
      "size": 158791
    }},
      { "data": {
      "vtkClass": "vtkDataArray",
      "name": "Py",
      "numberOfComponents": 1,
      "dataType": "Float64Array",
      "ref": {
         "encode": "LittleEndian",
         "basepath": "data",
         "id": "Float64_158791-71094d42501263b68b66772f0708ad09"
      },
      "size": 158791
    }},
      { "data": {
      "vtkClass": "vtkDataArray",
      "name": "vtkCompositingValid",
      "numberOfComponents": 1,
      "dataType": "Float32Array",
      "ref": {
         "encode": "LittleEndian",
         "basepath": "data",
         "id": "Float32_158791-6391dcee788453289867ff4f86764717"
      },
      "size": 158791
    }},
      { "data": {
      "vtkClass": "vtkDataArray",
      "name": "vtkConversionValid",
      "numberOfComponents": 1,
      "dataType": "Float32Array",
      "ref": {
         "encode": "LittleEndian",
         "basepath": "data",
         "id": "Float32_158791-dcdfc561c6c59399a85caf22676f3a6c"
      },
      "size": 158791
    }},
      { "data": {
      "vtkClass": "vtkDataArray",
      "name": "vtkOriginalCellIds",
      "numberOfComponents": 1,
      "dataType": "Int32Array",
      "ref": {
         "encode": "LittleEndian",
         "basepath": "data",
         "id": "Int32_158791-5f355c8f3196d2008817713cc7cfb558"
      },
      "size": 158791
    }}
    ],
    "activeTCoords": -1,
    "activeScalars": -1,
    "activeNormals": -1,
    "activeGlobalIds": -1,
    "activeTensors": -1,
    "activePedigreeIds": -1,
    "activeVectors": -1
  }}
