{
  "vtkClass": "vtkPolyData",
  "points": {
      "vtkClass": "vtkPoints",
      "name": "points",
      "numberOfComponents": 3,
      "dataType": "Float32Array",
      "ref": {
         "encode": "LittleEndian",
         "basepath": "data",
         "id": "Float32_27375-96023772761bc719eadc6fb1e73caaaa"
      },
      "size": 27375
    },
  "polys": {
      "vtkClass": "vtkCellArray",
      "name": "polys",
      "numberOfComponents": 1,
      "dataType": "Int32Array",
      "ref": {
         "encode": "LittleEndian",
         "basepath": "data",
         "id": "Int32_68672-e080bd5a32eb0f5661368653694c7920"
      },
      "size": 68672
    },
  "pointData": {
    "vtkClass": "vtkDataSetAttributes",
    "arrays": [
      { "data": {
      "vtkClass": "vtkDataArray",
      "name": "TCoords_",
      "numberOfComponents": 2,
      "dataType": "Float32Array",
      "ref": {
         "encode": "LittleEndian",
         "basepath": "data",
         "id": "Float32_18250-0d22d6357f91ab132950aa0e22f96a6a"
      },
      "size": 18250
    }},
      { "data": {
      "vtkClass": "vtkDataArray",
      "name": "Scalars_",
      "numberOfComponents": 4,
      "dataType": "Uint8Array",
      "ref": {
         "encode": "LittleEndian",
         "basepath": "data",
         "id": "Uint8_36500-cc5daf62a423eec42bf499f4a28930c6"
      },
      "size": 36500
    }},
      { "data": {
      "vtkClass": "vtkDataArray",
      "name": "vtkOriginalPointIds",
      "numberOfComponents": 1,
      "dataType": "Int32Array",
      "ref": {
         "encode": "LittleEndian",
         "basepath": "data",
         "id": "Int32_9125-cd700594769f2e9a0e208dfafcc35cff"
      },
      "size": 9125
    }}
    ],
    "activeTCoords": 0,
    "activeScalars": 1,
    "activeNormals": -1,
    "activeGlobalIds": -1,
    "activeTensors": -1,
    "activePedigreeIds": -1,
    "activeVectors": -1
  },
  "cellData": {
    "vtkClass": "vtkDataSetAttributes",
    "arrays": [
      { "data": {
      "vtkClass": "vtkDataArray",
      "name": "vtkOriginalCellIds",
      "numberOfComponents": 1,
      "dataType": "Int32Array",
      "ref": {
         "encode": "LittleEndian",
         "basepath": "data",
         "id": "Int32_17168-71c47f3489bb1e1039103b6f48ed54a4"
      },
      "size": 17168
    }}
    ],
    "activeTCoords": -1,
    "activeScalars": -1,
    "activeNormals": -1,
    "activeGlobalIds": -1,
    "activeTensors": -1,
    "activePedigreeIds": -1,
    "activeVectors": -1
  }}
